,images,labels
0,65-with-mask.jpg,0
1,217-with-mask.jpg,0
2,138-with-mask.jpg,0
3,471-with-mask.jpg,0
4,51-with-mask.jpg,0
5,362-with-mask.jpg,0
6,446-with-mask.jpg,0
7,223-with-mask.jpg,0
8,286-with-mask.jpg,0
9,461-with-mask.jpg,0
10,462-with-mask.jpg,0
11,204-with-mask.jpg,0
12,169-with-mask.jpg,0
13,209-with-mask.jpg,0
14,326-with-mask.jpg,0
15,165-with-mask.jpg,0
16,472-with-mask.jpg,0
17,240-with-mask.jpg,0
18,277-with-mask.jpg,0
19,30-with-mask.jpg,0
20,139-with-mask.jpg,0
21,80-with-mask.jpg,0
22,409-with-mask.jpg,0
23,23-with-mask.jpg,0
24,408-with-mask.jpg,0
25,333-with-mask.jpg,0
26,481-with-mask.jpg,0
27,62-with-mask.jpg,0
28,129-with-mask.jpg,0
29,356-with-mask.jpg,0
30,239-with-mask.jpg,0
31,13-with-mask.jpg,0
32,121-with-mask.jpg,0
33,192-with-mask.jpg,0
34,407-with-mask.jpg,0
35,151-with-mask.jpg,0
36,52-with-mask.jpg,0
37,480-with-mask.jpg,0
38,397-with-mask.jpg,0
39,256-with-mask.jpg,0
40,433-with-mask.jpg,0
41,183-with-mask.jpg,0
42,282-with-mask.jpg,0
43,24-with-mask.jpg,0
44,306-with-mask.jpg,0
45,106-with-mask.jpg,0
46,381-with-mask.jpg,0
47,279-with-mask.jpg,0
48,330-with-mask.jpg,0
49,261-with-mask.jpg,0
50,295-with-mask.jpg,0
51,177-with-mask.jpg,0
52,268-with-mask.jpg,0
53,31-with-mask.jpg,0
54,237-with-mask.jpg,0
55,148-with-mask.jpg,0
56,136-with-mask.jpg,0
57,233-with-mask.jpg,0
58,303-with-mask.jpg,0
59,419-with-mask.jpg,0
60,107-with-mask.jpg,0
61,434-with-mask.jpg,0
62,119-with-mask.jpg,0
63,25-with-mask.jpg,0
64,376-with-mask.jpg,0
65,251-with-mask.jpg,0
66,327-with-mask.jpg,0
67,97-with-mask.jpg,0
68,153-with-mask.jpg,0
69,359-with-mask.jpg,0
70,452-with-mask.jpg,0
71,318-with-mask.jpg,0
72,447-with-mask.jpg,0
73,203-with-mask.jpg,0
74,131-with-mask.jpg,0
75,374-with-mask.jpg,0
76,40-with-mask.jpg,0
77,176-with-mask.jpg,0
78,113-with-mask.jpg,0
79,289-with-mask.jpg,0
80,411-with-mask.jpg,0
81,179-with-mask.jpg,0
82,293-with-mask.jpg,0
83,395-with-mask.jpg,0
84,27-with-mask.jpg,0
85,194-with-mask.jpg,0
86,405-with-mask.jpg,0
87,85-with-mask.jpg,0
88,290-with-mask.jpg,0
89,339-with-mask.jpg,0
90,284-with-mask.jpg,0
91,48-with-mask.jpg,0
92,126-with-mask.jpg,0
93,416-with-mask.jpg,0
94,391-with-mask.jpg,0
95,186-with-mask.jpg,0
96,448-with-mask.jpg,0
97,71-with-mask.jpg,0
98,84-with-mask.jpg,0
99,402-with-mask.jpg,0
100,128-with-mask.jpg,0
101,86-with-mask.jpg,0
102,475-with-mask.jpg,0
103,443-with-mask.jpg,0
104,146-with-mask.jpg,0
105,275-with-mask.jpg,0
106,390-with-mask.jpg,0
107,379-with-mask.jpg,0
108,257-with-mask.jpg,0
109,175-with-mask.jpg,0
110,163-with-mask.jpg,0
111,454-with-mask.jpg,0
112,429-with-mask.jpg,0
113,47-with-mask.jpg,0
114,278-with-mask.jpg,0
115,335-with-mask.jpg,0
116,50-with-mask.jpg,0
117,231-with-mask.jpg,0
118,120-with-mask.jpg,0
119,235-with-mask.jpg,0
120,91-with-mask.jpg,0
121,35-with-mask.jpg,0
122,400-with-mask.jpg,0
123,93-with-mask.jpg,0
124,285-with-mask.jpg,0
125,114-with-mask.jpg,0
126,274-with-mask.jpg,0
127,200-with-mask.jpg,0
128,117-with-mask.jpg,0
129,103-with-mask.jpg,0
130,19-with-mask.jpg,0
131,238-with-mask.jpg,0
132,478-with-mask.jpg,0
133,267-with-mask.jpg,0
134,38-with-mask.jpg,0
135,345-with-mask.jpg,0
136,16-with-mask.jpg,0
137,332-with-mask.jpg,0
138,276-with-mask.jpg,0
139,459-with-mask.jpg,0
140,291-with-mask.jpg,0
141,137-with-mask.jpg,0
142,253-with-mask.jpg,0
143,309-with-mask.jpg,0
144,413-with-mask.jpg,0
145,2-with-mask.jpg,0
146,283-with-mask.jpg,0
147,109-with-mask.jpg,0
148,83-with-mask.jpg,0
149,98-with-mask.jpg,0
150,386-with-mask.jpg,0
151,342-with-mask.jpg,0
152,134-with-mask.jpg,0
153,53-with-mask.jpg,0
154,385-with-mask.jpg,0
155,348-with-mask.jpg,0
156,8-with-mask.jpg,0
157,476-with-mask.jpg,0
158,39-with-mask.jpg,0
159,357-with-mask.jpg,0
160,324-with-mask.jpg,0
161,298-with-mask.jpg,0
162,184-with-mask.jpg,0
163,207-with-mask.jpg,0
164,252-with-mask.jpg,0
165,467-with-mask.jpg,0
166,349-with-mask.jpg,0
167,72-with-mask.jpg,0
168,401-with-mask.jpg,0
169,377-with-mask.jpg,0
170,219-with-mask.jpg,0
171,228-with-mask.jpg,0
172,76-with-mask.jpg,0
173,414-with-mask.jpg,0
174,444-with-mask.jpg,0
175,152-with-mask.jpg,0
176,157-with-mask.jpg,0
177,308-with-mask.jpg,0
178,70-with-mask.jpg,0
179,68-with-mask.jpg,0
180,pra3.jpg,0
181,116-with-mask.jpg,0
182,206-with-mask.jpg,0
183,307-with-mask.jpg,0
184,180-with-mask.jpg,0
185,127-with-mask.jpg,0
186,229-with-mask.jpg,0
187,67-with-mask.jpg,0
188,426-with-mask.jpg,0
189,351-with-mask.jpg,0
190,140-with-mask.jpg,0
191,111-with-mask.jpg,0
192,29-with-mask.jpg,0
193,366-with-mask.jpg,0
194,334-with-mask.jpg,0
195,355-with-mask.jpg,0
196,0-with-mask.jpg,0
197,442-with-mask.jpg,0
198,5-with-mask.jpg,0
199,132-with-mask.jpg,0
200,430-with-mask.jpg,0
201,451-with-mask.jpg,0
202,160-with-mask.jpg,0
203,190-with-mask.jpg,0
204,346-with-mask.jpg,0
205,101-with-mask.jpg,0
206,172-with-mask.jpg,0
207,144-with-mask.jpg,0
208,99-with-mask.jpg,0
209,89-with-mask.jpg,0
210,112-with-mask.jpg,0
211,304-with-mask.jpg,0
212,364-with-mask.jpg,0
213,88-with-mask.jpg,0
214,198-with-mask.jpg,0
215,340-with-mask.jpg,0
216,460-with-mask.jpg,0
217,56-with-mask.jpg,0
218,12-with-mask.jpg,0
219,61-with-mask.jpg,0
220,59-with-mask.jpg,0
221,479-with-mask.jpg,0
222,269-with-mask.jpg,0
223,425-with-mask.jpg,0
224,64-with-mask.jpg,0
225,141-with-mask.jpg,0
226,313-with-mask.jpg,0
227,343-with-mask.jpg,0
228,246-with-mask.jpg,0
229,438-with-mask.jpg,0
230,396-with-mask.jpg,0
231,18-with-mask.jpg,0
232,415-with-mask.jpg,0
233,331-with-mask.jpg,0
234,41-with-mask.jpg,0
235,369-with-mask.jpg,0
236,96-with-mask.jpg,0
237,299-with-mask.jpg,0
238,32-with-mask.jpg,0
239,398-with-mask.jpg,0
240,196-with-mask.jpg,0
241,270-with-mask.jpg,0
242,115-with-mask.jpg,0
243,33-with-mask.jpg,0
244,74-with-mask.jpg,0
245,pra1.jpg,0
246,205-with-mask.jpg,0
247,75-with-mask.jpg,0
248,108-with-mask.jpg,0
249,432-with-mask.jpg,0
250,168-with-mask.jpg,0
251,287-with-mask.jpg,0
252,202-with-mask.jpg,0
253,358-with-mask.jpg,0
254,224-with-mask.jpg,0
255,302-with-mask.jpg,0
256,236-with-mask.jpg,0
257,417-with-mask.jpg,0
258,156-with-mask.jpg,0
259,79-with-mask.jpg,0
260,135-with-mask.jpg,0
261,125-with-mask.jpg,0
262,162-with-mask.jpg,0
263,449-with-mask.jpg,0
264,422-with-mask.jpg,0
265,254-with-mask.jpg,0
266,466-with-mask.jpg,0
267,259-with-mask.jpg,0
268,347-with-mask.jpg,0
269,245-with-mask.jpg,0
270,406-with-mask.jpg,0
271,155-with-mask.jpg,0
272,170-with-mask.jpg,0
273,123-with-mask.jpg,0
274,455-with-mask.jpg,0
275,159-with-mask.jpg,0
276,375-with-mask.jpg,0
277,440-with-mask.jpg,0
278,182-with-mask.jpg,0
279,43-with-mask.jpg,0
280,244-with-mask.jpg,0
281,218-with-mask.jpg,0
282,45-with-mask.jpg,0
283,42-with-mask.jpg,0
284,10-with-mask.jpg,0
285,315-with-mask.jpg,0
286,456-with-mask.jpg,0
287,73-with-mask.jpg,0
288,46-with-mask.jpg,0
289,450-with-mask.jpg,0
290,272-with-mask.jpg,0
291,242-with-mask.jpg,0
292,4-with-mask.jpg,0
293,464-with-mask.jpg,0
294,82-with-mask.jpg,0
295,262-with-mask.jpg,0
296,445-with-mask.jpg,0
297,281-with-mask.jpg,0
298,193-with-mask.jpg,0
299,158-with-mask.jpg,0
300,34-with-mask.jpg,0
301,187-with-mask.jpg,0
302,474-with-mask.jpg,0
303,294-with-mask.jpg,0
304,323-with-mask.jpg,0
305,421-with-mask.jpg,0
306,297-with-mask.jpg,0
307,189-with-mask.jpg,0
308,301-with-mask.jpg,0
309,317-with-mask.jpg,0
310,150-with-mask.jpg,0
311,305-with-mask.jpg,0
312,49-with-mask.jpg,0
313,353-with-mask.jpg,0
314,382-with-mask.jpg,0
315,439-with-mask.jpg,0
316,215-with-mask.jpg,0
317,201-with-mask.jpg,0
318,227-with-mask.jpg,0
319,435-with-mask.jpg,0
320,404-with-mask.jpg,0
321,399-with-mask.jpg,0
322,1-with-mask.jpg,0
323,477-with-mask.jpg,0
324,418-with-mask.jpg,0
325,94-with-mask.jpg,0
326,260-with-mask.jpg,0
327,458-with-mask.jpg,0
328,154-with-mask.jpg,0
329,473-with-mask.jpg,0
330,234-with-mask.jpg,0
331,394-with-mask.jpg,0
332,288-with-mask.jpg,0
333,314-with-mask.jpg,0
334,214-with-mask.jpg,0
335,392-with-mask.jpg,0
336,211-with-mask.jpg,0
337,225-with-mask.jpg,0
338,243-with-mask.jpg,0
339,393-with-mask.jpg,0
340,14-with-mask.jpg,0
341,387-with-mask.jpg,0
342,338-with-mask.jpg,0
343,26-with-mask.jpg,0
344,380-with-mask.jpg,0
345,100-with-mask.jpg,0
346,441-with-mask.jpg,0
347,319-with-mask.jpg,0
348,296-with-mask.jpg,0
349,463-with-mask.jpg,0
350,344-with-mask.jpg,0
351,15-with-mask.jpg,0
352,212-with-mask.jpg,0
353,78-with-mask.jpg,0
354,436-with-mask.jpg,0
355,316-with-mask.jpg,0
356,124-with-mask.jpg,0
357,322-with-mask.jpg,0
358,77-with-mask.jpg,0
359,37-with-mask.jpg,0
360,36-with-mask.jpg,0
361,365-with-mask.jpg,0
362,255-with-mask.jpg,0
363,325-with-mask.jpg,0
364,273-with-mask.jpg,0
365,167-with-mask.jpg,0
366,110-with-mask.jpg,0
367,185-with-mask.jpg,0
368,384-with-mask.jpg,0
369,161-with-mask.jpg,0
370,195-with-mask.jpg,0
371,336-with-mask.jpg,0
372,241-with-mask.jpg,0
373,173-with-mask.jpg,0
374,431-with-mask.jpg,0
375,420-with-mask.jpg,0
376,7-with-mask.jpg,0
377,6-with-mask.jpg,0
378,133-with-mask.jpg,0
379,263-with-mask.jpg,0
380,424-with-mask.jpg,0
381,383-with-mask.jpg,0
382,457-with-mask.jpg,0
383,122-with-mask.jpg,0
384,104-with-mask.jpg,0
385,378-with-mask.jpg,0
386,181-with-mask.jpg,0
387,105-with-mask.jpg,0
388,221-with-mask.jpg,0
389,3-with-mask.jpg,0
390,147-with-mask.jpg,0
391,prajna.jpg,0
392,427-with-mask.jpg,0
393,81-with-mask.jpg,0
394,9-with-mask.jpg,0
395,171-with-mask.jpg,0
396,118-with-mask.jpg,0
397,21-with-mask.jpg,0
398,226-with-mask.jpg,0
399,197-with-mask.jpg,0
400,11-with-mask.jpg,0
401,92-with-mask.jpg,0
402,57-with-mask.jpg,0
403,17-with-mask.jpg,0
404,222-with-mask.jpg,0
405,232-with-mask.jpg,0
406,174-with-mask.jpg,0
407,311-with-mask.jpg,0
408,453-with-mask.jpg,0
409,368-with-mask.jpg,0
410,143-with-mask.jpg,0
411,pra2.jpg,0
412,altered0.jpg,0
413,altered1.jpg,0
414,altered2.jpg,0
415,altered3.jpg,0
416,altered4.jpg,0
417,altered5.jpg,0
418,altered6.jpg,0
419,altered7.jpg,0
420,altered8.jpg,0
421,altered9.jpg,0
422,altered10.jpg,0
423,altered11.jpg,0
424,altered12.jpg,0
425,altered13.jpg,0
426,altered14.jpg,0
427,altered15.jpg,0
428,altered16.jpg,0
429,altered17.jpg,0
430,altered18.jpg,0
431,altered19.jpg,0
432,altered20.jpg,0
433,altered21.jpg,0
434,altered22.jpg,0
435,altered23.jpg,0
436,altered24.jpg,0
437,altered25.jpg,0
438,altered26.jpg,0
439,altered27.jpg,0
440,altered28.jpg,0
441,altered29.jpg,0
442,altered30.jpg,0
443,altered31.jpg,0
444,altered32.jpg,0
445,altered33.jpg,0
446,altered34.jpg,0
447,altered35.jpg,0
448,altered36.jpg,0
449,altered37.jpg,0
450,altered38.jpg,0
451,altered39.jpg,0
452,altered40.jpg,0
453,altered41.jpg,0
454,altered42.jpg,0
455,altered43.jpg,0
456,altered44.jpg,0
457,altered45.jpg,0
458,altered46.jpg,0
459,altered47.jpg,0
460,altered48.jpg,0
461,altered49.jpg,0
462,altered50.jpg,0
463,altered51.jpg,0
464,altered52.jpg,0
465,altered53.jpg,0
466,altered54.jpg,0
467,altered55.jpg,0
468,altered56.jpg,0
469,altered57.jpg,0
470,altered58.jpg,0
471,altered59.jpg,0
472,altered60.jpg,0
473,altered61.jpg,0
474,altered62.jpg,0
475,altered63.jpg,0
476,altered64.jpg,0
477,altered65.jpg,0
478,altered66.jpg,0
479,altered67.jpg,0
480,altered68.jpg,0
481,altered69.jpg,0
482,altered70.jpg,0
483,altered71.jpg,0
484,altered72.jpg,0
485,altered73.jpg,0
486,altered74.jpg,0
487,altered75.jpg,0
488,altered76.jpg,0
489,altered77.jpg,0
490,altered78.jpg,0
491,altered79.jpg,0
492,altered80.jpg,0
493,altered81.jpg,0
494,altered82.jpg,0
495,altered83.jpg,0
496,altered84.jpg,0
497,altered85.jpg,0
498,altered86.jpg,0
499,altered87.jpg,0
500,altered88.jpg,0
501,altered89.jpg,0
502,altered90.jpg,0
503,altered91.jpg,0
504,altered92.jpg,0
505,altered93.jpg,0
506,altered94.jpg,0
507,altered95.jpg,0
508,altered96.jpg,0
509,altered97.jpg,0
510,altered98.jpg,0
511,altered99.jpg,0
512,altered100.jpg,0
513,altered101.jpg,0
514,altered102.jpg,0
515,altered103.jpg,0
516,altered104.jpg,0
517,altered105.jpg,0
518,altered106.jpg,0
519,altered107.jpg,0
520,altered108.jpg,0
521,altered109.jpg,0
522,altered110.jpg,0
523,altered111.jpg,0
524,altered112.jpg,0
525,altered113.jpg,0
526,altered114.jpg,0
527,altered115.jpg,0
528,altered116.jpg,0
529,altered117.jpg,0
530,altered118.jpg,0
531,altered119.jpg,0
532,altered120.jpg,0
533,altered121.jpg,0
534,altered122.jpg,0
535,altered123.jpg,0
536,altered124.jpg,0
537,altered125.jpg,0
538,altered126.jpg,0
539,altered127.jpg,0
540,altered128.jpg,0
541,altered129.jpg,0
542,altered130.jpg,0
543,altered131.jpg,0
544,altered132.jpg,0
545,altered133.jpg,0
546,altered134.jpg,0
547,altered135.jpg,0
548,altered136.jpg,0
549,altered137.jpg,0
550,altered138.jpg,0
551,altered139.jpg,0
552,altered140.jpg,0
553,altered141.jpg,0
554,altered142.jpg,0
555,altered143.jpg,0
556,altered144.jpg,0
557,altered145.jpg,0
558,altered146.jpg,0
559,altered147.jpg,0
560,altered148.jpg,0
561,altered149.jpg,0
562,altered150.jpg,0
563,altered151.jpg,0
564,altered152.jpg,0
565,altered153.jpg,0
566,altered154.jpg,0
567,altered155.jpg,0
568,altered156.jpg,0
569,altered157.jpg,0
570,altered158.jpg,0
571,altered159.jpg,0
572,altered160.jpg,0
573,altered161.jpg,0
574,altered162.jpg,0
575,altered163.jpg,0
576,altered164.jpg,0
577,altered165.jpg,0
578,altered166.jpg,0
579,altered167.jpg,0
580,altered168.jpg,0
581,altered169.jpg,0
582,altered170.jpg,0
583,altered171.jpg,0
584,altered172.jpg,0
585,altered173.jpg,0
586,altered174.jpg,0
587,altered175.jpg,0
588,altered176.jpg,0
589,altered177.jpg,0
590,altered178.jpg,0
591,altered179.jpg,0
592,altered180.jpg,0
593,altered181.jpg,0
594,altered182.jpg,0
595,altered183.jpg,0
596,altered184.jpg,0
597,altered185.jpg,0
598,altered186.jpg,0
599,altered187.jpg,0
600,altered188.jpg,0
601,altered189.jpg,0
602,altered190.jpg,0
603,altered191.jpg,0
604,altered192.jpg,0
605,altered193.jpg,0
606,altered194.jpg,0
607,altered195.jpg,0
608,altered196.jpg,0
609,altered197.jpg,0
610,altered198.jpg,0
611,altered199.jpg,0
612,altered200.jpg,0
613,altered201.jpg,0
614,altered202.jpg,0
615,altered203.jpg,0
616,altered204.jpg,0
617,altered205.jpg,0
618,altered206.jpg,0
619,altered207.jpg,0
620,altered208.jpg,0
621,altered209.jpg,0
622,altered210.jpg,0
623,altered211.jpg,0
624,altered212.jpg,0
625,altered213.jpg,0
626,altered214.jpg,0
627,altered215.jpg,0
628,altered216.jpg,0
629,altered217.jpg,0
630,altered218.jpg,0
631,altered219.jpg,0
632,altered220.jpg,0
633,altered221.jpg,0
634,altered222.jpg,0
635,altered223.jpg,0
636,altered224.jpg,0
637,altered225.jpg,0
638,altered226.jpg,0
639,altered227.jpg,0
640,altered228.jpg,0
641,altered229.jpg,0
642,altered230.jpg,0
643,altered231.jpg,0
644,altered232.jpg,0
645,altered233.jpg,0
646,altered234.jpg,0
647,altered235.jpg,0
648,altered236.jpg,0
649,altered237.jpg,0
650,altered238.jpg,0
651,altered239.jpg,0
652,altered240.jpg,0
653,altered241.jpg,0
654,altered242.jpg,0
655,altered243.jpg,0
656,altered244.jpg,0
657,altered245.jpg,0
658,altered246.jpg,0
659,altered247.jpg,0
660,altered248.jpg,0
661,altered249.jpg,0
662,altered250.jpg,0
663,altered251.jpg,0
664,altered252.jpg,0
665,altered253.jpg,0
666,altered254.jpg,0
667,altered255.jpg,0
668,altered256.jpg,0
669,altered257.jpg,0
670,altered258.jpg,0
671,altered259.jpg,0
672,altered260.jpg,0
673,altered261.jpg,0
674,altered262.jpg,0
675,altered263.jpg,0
676,altered264.jpg,0
677,altered265.jpg,0
678,altered266.jpg,0
679,altered267.jpg,0
680,altered268.jpg,0
681,altered269.jpg,0
682,altered270.jpg,0
683,altered271.jpg,0
684,altered272.jpg,0
685,altered273.jpg,0
686,altered274.jpg,0
687,altered275.jpg,0
688,altered276.jpg,0
689,altered277.jpg,0
690,augmented_image_23.jpg,1
691,augmented_image_111.jpg,1
692,augmented_image_65.jpg,1
693,augmented_image_138.jpg,1
694,413.jpg,1
695,augmented_image_208.jpg,1
696,augmented_image_226.jpg,1
697,435.jpg,1
698,213.jpg,1
699,augmented_image_177.jpg,1
700,augmented_image_152.jpg,1
701,337.jpg,1
702,augmented_image_262.jpg,1
703,augmented_image_273.jpg,1
704,100.jpg,1
705,augmented_image_168.jpg,1
706,augmented_image_310.jpg,1
707,augmented_image_116.jpg,1
708,69.jpg,1
709,303.jpg,1
710,augmented_image_155.jpg,1
711,192.jpg,1
712,augmented_image_60.jpg,1
713,49.jpg,1
714,142.jpg,1
715,141.jpg,1
716,312.jpg,1
717,36.jpg,1
718,augmented_image_38.jpg,1
719,168.jpg,1
720,20.jpg,1
721,251.jpg,1
722,augmented_image_72.jpg,1
723,455.jpg,1
724,augmented_image_223.jpg,1
725,augmented_image_67.jpg,1
726,423.jpg,1
727,184.jpg,1
728,137.jpg,1
729,augmented_image_81.jpg,1
730,70.jpg,1
731,46.jpg,1
732,326.jpg,1
733,augmented_image_162.jpg,1
734,315.jpg,1
735,augmented_image_211.jpg,1
736,augmented_image_144.jpg,1
737,57.jpg,1
738,468.jpg,1
739,244.jpg,1
740,augmented_image_69.jpg,1
741,93.jpg,1
742,augmented_image_236.jpg,1
743,367.jpg,1
744,278.jpg,1
745,188.jpg,1
746,300.jpg,1
747,22.jpg,1
748,58.jpg,1
749,145.jpg,1
750,augmented_image_54.jpg,1
751,87.jpg,1
752,augmented_image_105.jpg,1
753,307.jpg,1
754,194.jpg,1
755,161.jpg,1
756,augmented_image_88.jpg,1
757,446.jpg,1
758,173.jpg,1
759,286.jpg,1
760,217.jpg,1
761,augmented_image_133.jpg,1
762,130.jpg,1
763,augmented_image_243.jpg,1
764,123.jpg,1
765,28.jpg,1
766,augmented_image_302.jpg,1
767,370.jpg,1
768,334.jpg,1
769,augmented_image_229.jpg,1
770,237.jpg,1
771,243.jpg,1
772,101.jpg,1
773,449.jpg,1
774,augmented_image_50.jpg,1
775,augmented_image_114.jpg,1
776,166.jpg,1
777,augmented_image_202.jpg,1
778,51.jpg,1
779,270.jpg,1
780,augmented_image_151.jpg,1
781,332.jpg,1
782,306.jpg,1
783,261.jpg,1
784,252.jpg,1
785,452.jpg,1
786,augmented_image_27.jpg,1
787,234.jpg,1
788,421.jpg,1
789,augmented_image_316.jpg,1
790,293.jpg,1
791,262.jpg,1
792,augmented_image_113.jpg,1
793,augmented_image_292.jpg,1
794,augmented_image_125.jpg,1
795,204.jpg,1
796,augmented_image_278.jpg,1
797,283.jpg,1
798,275.jpg,1
799,379.jpg,1
800,augmented_image_173.jpg,1
801,augmented_image_44.jpg,1
802,augmented_image_31.jpg,1
803,226.jpg,1
804,augmented_image_207.jpg,1
805,329.jpg,1
806,355.jpg,1
807,124.jpg,1
808,406.jpg,1
809,augmented_image_71.jpg,1
810,197.jpg,1
811,451.jpg,1
812,augmented_image_21.jpg,1
813,augmented_image_161.jpg,1
814,399.jpg,1
815,augmented_image_40.jpg,1
816,augmented_image_148.jpg,1
817,16.jpg,1
818,augmented_image_265.jpg,1
819,432.jpg,1
820,90.jpg,1
821,augmented_image_283.jpg,1
822,48.jpg,1
823,99.jpg,1
824,augmented_image_251.jpg,1
825,414.jpg,1
826,62.jpg,1
827,augmented_image_165.jpg,1
828,augmented_image_315.jpg,1
829,augmented_image_89.jpg,1
830,39.jpg,1
831,448.jpg,1
832,augmented_image_112.jpg,1
833,400.jpg,1
834,65.jpg,1
835,360.jpg,1
836,210.jpg,1
837,221.jpg,1
838,258.jpg,1
839,344.jpg,1
840,augmented_image_254.jpg,1
841,augmented_image_246.jpg,1
842,393.jpg,1
843,augmented_image_16.jpg,1
844,37.jpg,1
845,324.jpg,1
846,97.jpg,1
847,80.jpg,1
848,407.jpg,1
849,104.jpg,1
850,375.jpg,1
851,453.jpg,1
852,augmented_image_127.jpg,1
853,162.jpg,1
854,augmented_image_200.jpg,1
855,augmented_image_5.jpg,1
856,augmented_image_170.jpg,1
857,461.jpg,1
858,augmented_image_51.jpg,1
859,44.jpg,1
860,augmented_image_280.jpg,1
861,augmented_image_307.jpg,1
862,387.jpg,1
863,augmented_image_187.jpg,1
864,augmented_image_175.jpg,1
865,augmented_image_293.jpg,1
866,augmented_image_45.jpg,1
867,317.jpg,1
868,augmented_image_94.jpg,1
869,augmented_image_145.jpg,1
870,4.jpg,1
871,augmented_image_185.jpg,1
872,164.jpg,1
873,84.jpg,1
874,339.jpg,1
875,augmented_image_33.jpg,1
876,186.jpg,1
877,230.jpg,1
878,augmented_image_130.jpg,1
879,augmented_image_317.jpg,1
880,247.jpg,1
881,256.jpg,1
882,augmented_image_100.jpg,1
883,augmented_image_76.jpg,1
884,160.jpg,1
885,61.jpg,1
886,augmented_image_147.jpg,1
887,206.jpg,1
888,6.jpg,1
889,augmented_image_184.jpg,1
890,augmented_image_92.jpg,1
891,98.jpg,1
892,augmented_image_224.jpg,1
893,augmented_image_7.jpg,1
894,augmented_image_22.jpg,1
895,288.jpg,1
896,augmented_image_282.jpg,1
897,augmented_image_279.jpg,1
898,56.jpg,1
899,augmented_image_43.jpg,1
900,augmented_image_121.jpg,1
901,augmented_image_119.jpg,1
902,54.jpg,1
903,445.jpg,1
904,augmented_image_99.jpg,1
905,289.jpg,1
906,augmented_image_129.jpg,1
907,augmented_image_308.jpg,1
908,187.jpg,1
909,318.jpg,1
910,augmented_image_101.jpg,1
911,augmented_image_295.jpg,1
912,augmented_image_209.jpg,1
913,augmented_image_140.jpg,1
914,augmented_image_18.jpg,1
915,augmented_image_214.jpg,1
916,363.jpg,1
917,augmented_image_233.jpg,1
918,115.jpg,1
919,348.jpg,1
920,266.jpg,1
921,106.jpg,1
922,271.jpg,1
923,341.jpg,1
924,171.jpg,1
925,augmented_image_157.jpg,1
926,319.jpg,1
927,460.jpg,1
928,augmented_image_139.jpg,1
929,augmented_image_203.jpg,1
930,465.jpg,1
931,augmented_image_263.jpg,1
932,augmented_image_237.jpg,1
933,augmented_image_230.jpg,1
934,174.jpg,1
935,178.jpg,1
936,augmented_image_12.jpg,1
937,augmented_image_96.jpg,1
938,239.jpg,1
939,augmented_image_53.jpg,1
940,augmented_image_272.jpg,1
941,augmented_image_176.jpg,1
942,441.jpg,1
943,augmented_image_37.jpg,1
944,389.jpg,1
945,augmented_image_32.jpg,1
946,augmented_image_284.jpg,1
947,64.jpg,1
948,18.jpg,1
949,52.jpg,1
950,augmented_image_91.jpg,1
951,9.jpg,1
952,augmented_image_132.jpg,1
953,253.jpg,1
954,augmented_image_80.jpg,1
955,augmented_image_182.jpg,1
956,augmented_image_61.jpg,1
957,336.jpg,1
958,augmented_image_216.jpg,1
959,203.jpg,1
960,26.jpg,1
961,augmented_image_210.jpg,1
962,88.jpg,1
963,augmented_image_120.jpg,1
964,352.jpg,1
965,augmented_image_172.jpg,1
966,469.jpg,1
967,augmented_image_19.jpg,1
968,augmented_image_287.jpg,1
969,248.jpg,1
970,301.jpg,1
971,67.jpg,1
972,7.jpg,1
973,454.jpg,1
974,augmented_image_36.jpg,1
975,augmented_image_319.jpg,1
976,119.jpg,1
977,125.jpg,1
978,128.jpg,1
979,50.jpg,1
980,augmented_image_256.jpg,1
981,augmented_image_70.jpg,1
982,augmented_image_150.jpg,1
983,augmented_image_191.jpg,1
984,129.jpg,1
985,augmented_image_255.jpg,1
986,91.jpg,1
987,254.jpg,1
988,augmented_image_318.jpg,1
989,398.jpg,1
990,augmented_image_227.jpg,1
991,295.jpg,1
992,391.jpg,1
993,302.jpg,1
994,augmented_image_107.jpg,1
995,231.jpg,1
996,augmented_image_87.jpg,1
997,augmented_image_192.jpg,1
998,augmented_image_275.jpg,1
999,augmented_image_179.jpg,1
1000,augmented_image_250.jpg,1
1001,augmented_image_269.jpg,1
1002,102.jpg,1
1003,augmented_image_141.jpg,1
1004,augmented_image_234.jpg,1
1005,372.jpg,1
1006,augmented_image_276.jpg,1
1007,232.jpg,1
1008,267.jpg,1
1009,augmented_image_206.jpg,1
1010,440.jpg,1
1011,augmented_image_56.jpg,1
1012,45.jpg,1
1013,augmented_image_305.jpg,1
1014,327.jpg,1
1015,149.jpg,1
1016,55.jpg,1
1017,augmented_image_239.jpg,1
1018,augmented_image_222.jpg,1
1019,augmented_image_241.jpg,1
1020,436.jpg,1
1021,260.jpg,1
1022,augmented_image_252.jpg,1
1023,112.jpg,1
1024,154.jpg,1
1025,augmented_image_128.jpg,1
1026,386.jpg,1
1027,augmented_image_253.jpg,1
1028,403.jpg,1
1029,augmented_image_285.jpg,1
1030,augmented_image_193.jpg,1
1031,augmented_image_35.jpg,1
1032,augmented_image_270.jpg,1
1033,402.jpg,1
1034,augmented_image_64.jpg,1
1035,227.jpg,1
1036,177.jpg,1
1037,282.jpg,1
1038,424.jpg,1
1039,291.jpg,1
1040,151.jpg,1
1041,12.jpg,1
1042,augmented_image_296.jpg,1
1043,233.jpg,1
1044,augmented_image_106.jpg,1
1045,augmented_image_95.jpg,1
1046,447.jpg,1
1047,augmented_image_306.jpg,1
1048,augmented_image_63.jpg,1
1049,96.jpg,1
1050,328.jpg,1
1051,408.jpg,1
1052,388.jpg,1
1053,373.jpg,1
1054,476.jpg,1
1055,augmented_image_277.jpg,1
1056,158.jpg,1
1057,116.jpg,1
1058,augmented_image_303.jpg,1
1059,53.jpg,1
1060,207.jpg,1
1061,439.jpg,1
1062,29.jpg,1
1063,augmented_image_235.jpg,1
1064,augmented_image_58.jpg,1
1065,284.jpg,1
1066,330.jpg,1
1067,228.jpg,1
1068,264.jpg,1
1069,249.jpg,1
1070,133.jpg,1
1071,augmented_image_201.jpg,1
1072,augmented_image_39.jpg,1
1073,augmented_image_245.jpg,1
1074,73.jpg,1
1075,179.jpg,1
1076,269.jpg,1
1077,444.jpg,1
1078,354.jpg,1
1079,431.jpg,1
1080,280.jpg,1
1081,33.jpg,1
1082,32.jpg,1
1083,120.jpg,1
1084,augmented_image_41.jpg,1
1085,425.jpg,1
1086,215.jpg,1
1087,157.jpg,1
1088,345.jpg,1
1089,augmented_image_311.jpg,1
1090,89.jpg,1
1091,augmented_image_215.jpg,1
1092,140.jpg,1
1093,240.jpg,1
1094,170.jpg,1
1095,augmented_image_103.jpg,1
1096,107.jpg,1
1097,480.jpg,1
1098,augmented_image_55.jpg,1
1099,31.jpg,1
1100,augmented_image_291.jpg,1
1101,augmented_image_13.jpg,1
1102,66.jpg,1
1103,353.jpg,1
1104,290.jpg,1
1105,362.jpg,1
1106,0.jpg,1
1107,359.jpg,1
1108,308.jpg,1
1109,augmented_image_194.jpg,1
1110,285.jpg,1
1111,79.jpg,1
1112,augmented_image_225.jpg,1
1113,180.jpg,1
1114,augmented_image_297.jpg,1
1115,463.jpg,1
1116,146.jpg,1
1117,augmented_image_68.jpg,1
1118,augmented_image_301.jpg,1
1119,410.jpg,1
1120,404.jpg,1
1121,augmented_image_134.jpg,1
1122,augmented_image_188.jpg,1
1123,augmented_image_135.jpg,1
1124,augmented_image_86.jpg,1
1125,224.jpg,1
1126,198.jpg,1
1127,2.jpg,1
1128,134.jpg,1
1129,augmented_image_197.jpg,1
1130,416.jpg,1
1131,325.jpg,1
1132,14.jpg,1
1133,83.jpg,1
1134,augmented_image_82.jpg,1
1135,443.jpg,1
1136,augmented_image_186.jpg,1
1137,356.jpg,1
1138,augmented_image_77.jpg,1
1139,208.jpg,1
1140,411.jpg,1
1141,augmented_image_163.jpg,1
1142,368.jpg,1
1143,augmented_image_189.jpg,1
1144,427.jpg,1
1145,340.jpg,1
1146,augmented_image_48.jpg,1
1147,augmented_image_57.jpg,1
1148,118.jpg,1
1149,139.jpg,1
1150,138.jpg,1
1151,augmented_image_123.jpg,1
1152,13.jpg,1
1153,127.jpg,1
1154,135.jpg,1
1155,augmented_image_171.jpg,1
1156,255.jpg,1
1157,15.jpg,1
1158,412.jpg,1
1159,420.jpg,1
1160,augmented_image_14.jpg,1
1161,309.jpg,1
1162,47.jpg,1
1163,augmented_image_1.jpg,1
1164,220.jpg,1
1165,111.jpg,1
1166,384.jpg,1
1167,415.jpg,1
1168,augmented_image_164.jpg,1
1169,augmented_image_298.jpg,1
1170,59.jpg,1
1171,229.jpg,1
1172,10.jpg,1
1173,466.jpg,1
1174,augmented_image_198.jpg,1
1175,augmented_image_219.jpg,1
1176,214.jpg,1
1177,3.jpg,1
1178,241.jpg,1
1179,augmented_image_3.jpg,1
1180,augmented_image_290.jpg,1
1181,augmented_image_90.jpg,1
1182,114.jpg,1
1183,74.jpg,1
1184,457.jpg,1
1185,323.jpg,1
1186,176.jpg,1
1187,361.jpg,1
1188,281.jpg,1
1189,augmented_image_73.jpg,1
1190,augmented_image_115.jpg,1
1191,augmented_image_62.jpg,1
1192,augmented_image_137.jpg,1
1193,335.jpg,1
1194,462.jpg,1
1195,augmented_image_169.jpg,1
1196,117.jpg,1
1197,86.jpg,1
1198,287.jpg,1
1199,augmented_image_131.jpg,1
1200,augmented_image_126.jpg,1
1201,422.jpg,1
1202,338.jpg,1
1203,169.jpg,1
1204,218.jpg,1
1205,311.jpg,1
1206,263.jpg,1
1207,297.jpg,1
1208,augmented_image_118.jpg,1
1209,augmented_image_142.jpg,1
1210,434.jpg,1
1211,augmented_image_156.jpg,1
1212,augmented_image_174.jpg,1
1213,156.jpg,1
1214,augmented_image_314.jpg,1
1215,175.jpg,1
1216,92.jpg,1
1217,225.jpg,1
1218,430.jpg,1
1219,212.jpg,1
1220,augmented_image_205.jpg,1
1221,265.jpg,1
1222,42.jpg,1
1223,201.jpg,1
1224,augmented_image_79.jpg,1
1225,456.jpg,1
1226,216.jpg,1
1227,augmented_image_286.jpg,1
1228,augmented_image_244.jpg,1
1229,augmented_image_42.jpg,1
1230,augmented_image_238.jpg,1
1231,136.jpg,1
1232,27.jpg,1
1233,augmented_image_178.jpg,1
1234,augmented_image_136.jpg,1
1235,385.jpg,1
1236,augmented_image_267.jpg,1
1237,365.jpg,1
1238,122.jpg,1
1239,81.jpg,1
1240,159.jpg,1
1241,augmented_image_258.jpg,1
1242,321.jpg,1
1243,246.jpg,1
1244,augmented_image_271.jpg,1
1245,augmented_image_166.jpg,1
1246,349.jpg,1
1247,196.jpg,1
1248,augmented_image_204.jpg,1
1249,222.jpg,1
1250,152.jpg,1
1251,298.jpg,1
1252,augmented_image_84.jpg,1
1253,augmented_image_181.jpg,1
1254,442.jpg,1
1255,259.jpg,1
1256,augmented_image_299.jpg,1
1257,428.jpg,1
1258,augmented_image_231.jpg,1
1259,augmented_image_281.jpg,1
1260,108.jpg,1
1261,181.jpg,1
1262,augmented_image_221.jpg,1
1263,419.jpg,1
1264,450.jpg,1
1265,augmented_image_266.jpg,1
1266,augmented_image_183.jpg,1
1267,augmented_image_143.jpg,1
1268,195.jpg,1
1269,405.jpg,1
1270,143.jpg,1
1271,augmented_image_153.jpg,1
1272,409.jpg,1
1273,augmented_image_312.jpg,1
1274,augmented_image_309.jpg,1
1275,211.jpg,1
1276,augmented_image_260.jpg,1
1277,augmented_image_180.jpg,1
1278,475.jpg,1
1279,299.jpg,1
1280,131.jpg,1
1281,augmented_image_4.jpg,1
1282,augmented_image_240.jpg,1
1283,augmented_image_2.jpg,1
1284,augmented_image_199.jpg,1
1285,395.jpg,1
1286,347.jpg,1
1287,109.jpg,1
1288,40.jpg,1
1289,augmented_image_30.jpg,1
1290,350.jpg,1
1291,augmented_image_257.jpg,1
1292,163.jpg,1
1293,augmented_image_74.jpg,1
1294,185.jpg,1
1295,292.jpg,1
1296,374.jpg,1
1297,148.jpg,1
1298,110.jpg,1
1299,294.jpg,1
1300,392.jpg,1
1301,401.jpg,1
1302,augmented_image_249.jpg,1
1303,augmented_image_149.jpg,1
1304,467.jpg,1
1305,augmented_image_98.jpg,1
1306,augmented_image_160.jpg,1
1307,310.jpg,1
1308,76.jpg,1
1309,augmented_image_97.jpg,1
1310,19.jpg,1
1311,316.jpg,1
1312,23.jpg,1
1313,242.jpg,1
1314,191.jpg,1
1315,378.jpg,1
1316,459.jpg,1
1317,1.jpg,1
1318,364.jpg,1
1319,augmented_image_220.jpg,1
1320,417.jpg,1
1321,276.jpg,1
1322,438.jpg,1
1323,augmented_image_52.jpg,1
1324,augmented_image_154.jpg,1
1325,394.jpg,1
1326,11.jpg,1
1327,478.jpg,1
1328,augmented_image_66.jpg,1
1329,95.jpg,1
1330,383.jpg,1
1331,augmented_image_25.jpg,1
1332,augmented_image_85.jpg,1
1333,augmented_image_294.jpg,1
1334,augmented_image_196.jpg,1
1335,augmented_image_304.jpg,1
1336,223.jpg,1
1337,477.jpg,1
1338,17.jpg,1
1339,94.jpg,1
1340,augmented_image_59.jpg,1
1341,331.jpg,1
1342,63.jpg,1
1343,155.jpg,1
1344,458.jpg,1
1345,105.jpg,1
1346,322.jpg,1
1347,183.jpg,1
1348,132.jpg,1
1349,augmented_image_78.jpg,1
1350,34.jpg,1
1351,augmented_image_124.jpg,1
1352,397.jpg,1
1353,augmented_image_109.jpg,1
1354,351.jpg,1
1355,250.jpg,1
1356,172.jpg,1
1357,153.jpg,1
1358,augmented_image_122.jpg,1
1359,24.jpg,1
1360,augmented_image_232.jpg,1
1361,augmented_image_158.jpg,1
1362,30.jpg,1
1363,437.jpg,1
1364,augmented_image_93.jpg,1
1365,376.jpg,1
1366,augmented_image_117.jpg,1
1367,augmented_image_83.jpg,1
1368,augmented_image_20.jpg,1
1369,426.jpg,1
1370,193.jpg,1
1371,77.jpg,1
1372,augmented_image_17.jpg,1
1373,464.jpg,1
1374,390.jpg,1
1375,43.jpg,1
